id,type,nr,date,url
001,wintibrief,0,2025-04-11,https://mailchi.mp/wnti/wnti-brieft-los-und-ldt-zur-blattkritik
002,wintibrief,1,2025-04-14,https://mailchi.mp/wnti/die-stadt-das-velo-und-wir
003,wintibrief,2,2025-04-15,https://mailchi.mp/wnti/mit-dem-dimensione-schliesst-mehr-als-nur-ein-bistro-5ttjalfsqg
004,wintibrief,3,2025-04-16,https://mailchi.mp/wnti/letzter-grosser-umbau-am-lagerplatz-0iv4htyt08
005,wintibrief,4,2025-04-17,https://mailchi.mp/wnti/architekturschatz-in-den-quartieren
006,wintibrief,5,2025-04-22,https://mailchi.mp/wnti/der-fcw-erkmpft-sich-einen-sieg-und-der-biber-legt-sich-schlafe
007,wintibrief,6,2025-04-23,https://mailchi.mp/wnti/seit-zehn-jahren-tanzen-und-torkeln-studis-im-trmli
008,wintibrief,7,2025-04-24,https://mailchi.mp/wnti/baumngel-am-krokodil
009,wintibrief,8,2025-04-25,https://mailchi.mp/wnti/das-prozentchen-das-bewegt
010,wintibrief,9,2025-04-28,https://mailchi.mp/wnti/sammelkarten-erobern-winterthur-jybh2mzl7y
011,wintibrief,10,2025-04-29,https://mailchi.mp/wnti/auf-den-spuren-des-eulach-biber
012,wintibrief,11,2025-04-30,https://mailchi.mp/wnti/badisaison-ahoi-das-wolfi-feiert-seinen-88-geburtstag
013,wintibrief,12,2025-05-02,https://mailchi.mp/wnti/landbesetzung-im-ngelsee-quartier
014,wintibrief,13,2025-05-05,https://mailchi.mp/wnti/von-winterthur-bis-an-die-ukrainische-front
015,wintibrief,14,2025-05-06,https://mailchi.mp/wnti/freispruch-im-1-mai-prozess-und-schlechte-nachrichten-fr-winterthurer-rugby-fans
016,wintibrief,15,2025-05-07,https://mailchi.mp/wnti/wer-wird-stapi
017,wintibrief,16,2025-05-08,https://mailchi.mp/wnti/historische-loks-bedroht
018,wintibrief,17,2025-05-09,https://mailchi.mp/wnti/nicht-jeder-goldhndler-glnzt
019,wintibrief,18,2025-05-12,https://mailchi.mp/wnti/aktmalen-und-dabei-noch-eins-trinken
020,parlamentsbrief,1,2025-05-13,https://mailchi.mp/wnti/zu-alt-zu-wenig-frauen-aber-besser-als-viele-meinen
021,wintibrief,19,2025-05-13,https://mailchi.mp/wnti/ur-sprung-wie-aus-einer-kirche-eine-pop-up-galerie-wurde-zbfnevq59k
022,wintibrief,20,2025-05-14,https://mailchi.mp/wnti/das-fotomuseum-feiert-wiedererffnung
023,wintibrief,21,2025-05-15,https://mailchi.mp/wnti/auf-spuren-von-seen-in-winterthur
024,wintibrief,22,2025-05-16,https://mailchi.mp/wnti/freiwillig-zum-mieter-werden-und-sich-dann-ber-den-zins-beschweren-c1quio1lv5
025,wintibrief,23,2025-05-19,https://mailchi.mp/wnti/quo-vadis-sommertheater
026,wintibrief,24,2025-05-20,https://mailchi.mp/wnti/die-frackwoche-wird-100-jahre-alt-ein-historischer-berblick-a2ya6pqze9
027,wintibrief,25,2025-05-21,https://mailchi.mp/wnti/hallo-sommer-hallo-musik-hzjbmb6afs
028,wintibrief,26,2025-05-22,https://mailchi.mp/wnti/secondhand-im-trend
029,wintibrief,27,2025-05-23,https://mailchi.mp/wnti/bauen-mit-gebrauchtem-ein-pionierbetrieb-denkt-weiter
030,wintibrief,28,2025-05-26,https://mailchi.mp/wnti/brunchen-mit-der-nachbarschaft-nix-fr-dich
031,wintibrief,29,2025-05-27,https://mailchi.mp/wnti/gisi-bleibt-kultur-kollektiv-wehrt-sich-gegen-kndigung-gv8n0mtyb0
032,wintibrief,30,2025-05-28,https://mailchi.mp/wnti/mit-dem-velo-auf-safari-fkoe43u0zb
033,wintibrief,31,2025-05-30,https://mailchi.mp/wnti/mattea-meyer-und-nik-gugger-zwei-krftige-stimmen-in-bern
034,wintibrief,32,2025-06-02,https://mailchi.mp/wnti/frauenfussball-em-boom-vs-platzmangel
035,parlamentsbrief,2,2025-06-03,https://mailchi.mp/wnti/ber-tempo-30-entscheiden-die-gemeinden
036,wintibrief,33,2025-06-03,https://mailchi.mp/wnti/warum-machen-schwmbis-minus
037,wintibrief,34,2025-06-04,https://mailchi.mp/wnti/vom-kloster-zum-urbanen-campus
038,wintibrief,35,2025-06-05,https://mailchi.mp/wnti/afro-pfingsten-und-das-koloniale-erbe-winterthurs
039,wintibrief,36,2025-06-06,https://mailchi.mp/wnti/zukunft-bahnhof-winterthur
040,wintibrief,37,2025-06-10,https://mailchi.mp/wnti/gruss-aus-den-nassen-pfingstlagern
041,wintibrief,38,2025-06-11,https://mailchi.mp/wnti/winterthur-sucht-die-jungen-schachschweizermeister-2m8w84bp57
042,wintibrief,39,2025-06-12,https://mailchi.mp/wnti/wegen-lrm-zum-sturmgewehr-gegriffen
043,wintibrief,40,2025-06-13,https://mailchi.mp/wnti/wie-klimafreundlich-isst-winti
044,wintibrief,41,2025-06-16,https://mailchi.mp/wnti/erste-wohngruppe-fr-magerschtige-geplant
045,wintibrief,42,2025-06-17,https://mailchi.mp/wnti/dings-das-lido-an-der-tss-94h849pfpk
046,wintibrief,43,2025-06-18,https://mailchi.mp/wnti/schweres-gert-und-luftige-tanzschritte-in-der-nagli
047,wintibrief,44,2025-06-19,https://mailchi.mp/wnti/winti-wird-abgeklrt-8gvyutcw77
048,wintibrief,45,2025-06-20,https://mailchi.mp/wnti/versteckte-kinder-und-getrennte-familien-das-schicksal-vieler-migrantischer-familien
049,wintibrief,46,2025-06-23,https://mailchi.mp/wnti/winterthur-wird-zur-pickleball-hochburg
050,wintibrief,47,2025-06-24,https://mailchi.mp/wnti/verstorbene-beim-namen-nennen-xbmf9hacce
051,wintibrief,48,2025-06-25,https://mailchi.mp/wnti/adhs-oder-nicht-wie-geht-es-weiter-236kasc6vu
052,wintibrief,49,2025-06-26,https://mailchi.mp/wnti/das-fest-der-vereine-aber-welcher
053,wintibrief,50,2025-06-27,https://mailchi.mp/wnti/bare-ware-packt-ein-und-erfindet-sich-dabei-neu-ip7duouqy0
054,wintibrief,51,2025-06-30,https://mailchi.mp/wnti/siegen-ist-nicht-gleich-siegen
055,parlamentsbrief,3,2025-07-01,https://mailchi.mp/wnti/parlamentsbrief-parlament-stimmt-camping-sanierung-zu
056,wintibrief,52,2025-07-01,https://mailchi.mp/wnti/das-neue-badhaus-fllt-ins-wasser
057,wintibrief,53,2025-07-02,https://mailchi.mp/wnti/generationenwechsel-im-figurentheater-ec1li2q2s4
058,wintibrief,54,2025-07-03,https://mailchi.mp/wnti/das-parlament-entscheidet-walter-soll-gehen
059,wintibrief,55,2025-07-04,https://mailchi.mp/wnti/erst-mafiaboss-dann-verwaltungsrat-jetzt-ehrenprsident-0v42vqwtne
060,wintibrief,56,2025-07-07,https://mailchi.mp/wnti/von-schlossgespenstern-und-hegis
061,parlamentsbrief,4,2025-07-08,https://mailchi.mp/wnti/parlamentsbrief-lange-reden-ber-bus-und-bche-4rzmepjmja
062,wintibrief,57,2025-07-08,https://mailchi.mp/wnti/was-bleibt-wenn-heimat-fehlt-dh9uz4iwv5
063,wintibrief,58,2025-07-09,https://mailchi.mp/wnti/rotweisse-liebe-grosse-emotionen-und-knallhartes-geschft
064,wintibrief,59,2025-07-10,https://mailchi.mp/wnti/wagenkollektiv-bleibt-vorerst
065,wintibrief,60,2025-07-11,https://mailchi.mp/wnti/neubau-soll-kreislauf-champion-werden-865n0iqknq
066,wintibrief,61,2025-07-28,https://mailchi.mp/wnti/1000-cevis-im-grssten-lager-seit-jahren-kjddz0pcnv
067,wintibrief,62,2025-07-29,https://mailchi.mp/wnti/was-treibt-menschen-dazu-an-ein-open-air-auf-die-beine-zu-stellen-lyqvuugblk
068,wintibrief,63,2025-07-30,https://mailchi.mp/wnti/lebensfragen-glhende-konfirmanden-und-brennende-krippen
069,wintibrief,64,2025-07-31,https://mailchi.mp/wnti/amigurumi-abenteuer-kreative-sommerferien-in-winterthur
070,wintibrief,65,2025-08-04,https://mailchi.mp/wnti/nach-den-ferien-ist-vor-dem-lehrstart-rtnhuyzkvw
071,wintibrief,66,2025-08-05,https://mailchi.mp/wnti/wie-die-kantonale-gymnasialreform-die-kantonsschule-belrain-beinflussen-knnte-g00ept70vu
072,wintibrief,67,2025-08-06,https://mailchi.mp/wnti/wie-viel-zukunft-steckt-in-winterthurs-altstadt
073,wintibrief,68,2025-08-07,https://mailchi.mp/wnti/helfen-wo-die-musik-spielt-seit-50-jahren
074,wintibrief,69,2025-08-08,https://mailchi.mp/wnti/wer-vertritt-die-stadt
075,wintibrief,70,2025-08-11,https://mailchi.mp/wnti/was-ist-der-csd-winti-und-was-unterscheidet-einen-csd-von-einer-pride
076,wintibrief,71,2025-08-12,https://mailchi.mp/wnti/us-zlle-treffen-winterthurer-industrie-unterschiedlich-hart
077,wintibrief,72,2025-08-13,https://mailchi.mp/wnti/zigi-freie-mfw-auf-magischen-schuhsohlen
078,wintibrief,73,2025-08-14,https://mailchi.mp/wnti/die-tssemer-dorfet-lebt-wieder-auf
079,wintibrief,74,2025-08-15,https://mailchi.mp/wnti/svp-mfw-und-ein-grossaufgebot-der-polizei
080,wintibrief,75,2025-08-18,https://mailchi.mp/wnti/mit-einer-familie-wrde-ich-nicht-ber-die-runden-kommen
081,wintibrief,76,2025-08-19,https://mailchi.mp/wnti/50-jahre-pff-von-einer-einfachen-idee-zu-einem-modernen-festival
082,wintibrief,77,2025-08-20,https://mailchi.mp/wnti/ich-vermisse-meine-frau-2dpeyvn9qq
083,wintibrief,78,2025-08-21,https://mailchi.mp/wnti/aus-deutschland-nach-winterthur
084,wintibrief,79,2025-08-22,https://mailchi.mp/wnti/sparen-aber-niemand-will-sagen-wie-v5b4ib7cdi
085,wintibrief,80,2025-08-25,https://mailchi.mp/wnti/sie-schwimmt-mit-titanplatten-im-rcken
086,parlamentsbrief,5,2025-08-26,https://mailchi.mp/wnti/parlamentsbrief-auf-dem-weg-nach-oberi-bleibts-holprig
087,wintibrief,81,2025-08-26,https://mailchi.mp/wnti/ohne-zivis-wirds-schwierig
088,wintibrief,82,2025-08-27,https://mailchi.mp/wnti/geschminkte-nerds-mit-glitzer-und-grips-uca56j4hus
089,wintibrief,83,2025-08-28,https://mailchi.mp/wnti/mehr-als-turnen-der-tv-wlflingen-wird-150-74hl3t6i3q
090,wintibrief,84,2025-08-29,https://mailchi.mp/wnti/jetzt-ist-klar-was-mit-dem-ehemaligen-sommertheater-passieren-soll
091,wintibrief,85,2025-09-01,https://mailchi.mp/wnti/winterthur-ringt-um-den-ausbau-der-ara-hard-b49peicy1a
092,wintibrief,86,2025-09-02,https://mailchi.mp/wnti/ber-100-meter-musst-du-gehn
093,wintibrief,87,2025-09-03,https://mailchi.mp/wnti/fr-diesen-laden-gab-es-nie-einen-businessplan
094,wintibrief,88,2025-09-04,https://mailchi.mp/wnti/eine-kirche-ohne-gottesdienste
095,wintibrief,89,2025-09-05,https://mailchi.mp/wnti/baukultur-winterthur-bekommt-ein-zuhause-3a8cvreh95
096,wintibrief,90,2025-09-08,https://mailchi.mp/wnti/veltheim-kann-sich-fast-nicht-beschweren
097,wintibrief,91,2025-09-09,https://mailchi.mp/wnti/danis-legendrer-caipistand-caipirinha-aus-berzeugung-h60kpk0gpe
098,wintibrief,92,2025-09-10,https://mailchi.mp/wnti/ein-schoggikuchen-fr-ein-mtli-9yujfgfj3q
099,wintibrief,93,2025-09-11,https://mailchi.mp/wnti/kennst-du-die-geschichte-deines-hauses
100,wintibrief,94,2025-09-12,https://mailchi.mp/wnti/kleidertausch-statt-kleidermll
101,wintibrief,95,2025-09-15,https://mailchi.mp/wnti/kitas-wollen-eine-direkte-subventionierung
102,parlamentsbrief,6,2025-09-16,https://mailchi.mp/wnti/parlamentsbrief-keine-gesichtserkennung-und-fragen-fragen-fragen-85q9x207xd
103,wintibrief,96,2025-09-16,https://mailchi.mp/wnti/tennis-wie-noch-vor-hundert-jahren
104,wintibrief,97,2025-09-17,https://mailchi.mp/wnti/drei-emils-ein-andreas-und-viel-geschichte
105,wintibrief,98,2025-09-18,https://mailchi.mp/wnti/komm-mit-auf-eulach-entdeckungsreise
106,wintibrief,99,2025-09-19,https://mailchi.mp/wnti/frauenschwund-im-parlament-z78tm51jz2
107,wintibrief,100,2025-09-22,https://mailchi.mp/wnti/was-wre-wenn-architekturfhrer-in-die-zukunft-x4yerwjydz
108,wintibrief,101,2025-09-23,https://mailchi.mp/wnti/in-mattenbach-auf-der-strasse-speisen
109,wintibrief,102,2025-09-24,https://mailchi.mp/wnti/400-jungbume-fr-eine-rosskastanie
110,wintibrief,103,2025-09-25,https://mailchi.mp/wnti/in-tss-geht-die-post-ab
111,wintibrief,104,2025-09-26,https://mailchi.mp/wnti/musikerlhne-beim-musikkollegium-unter-druck
112,wintibrief,105,2025-09-29,https://mailchi.mp/wnti/wenn-aus-einer-bergreise-der-ironman-in-hawaii-wird
113,wintibrief,106,2025-09-30,https://mailchi.mp/wnti/sitting-waiting-wishing-h75nxmuesh
114,wintibrief,107,2025-10-01,https://mailchi.mp/wnti/endlich-medea-das-theater-winterthur-erffnet-neu-92nlml0cxw
115,wintibrief,108,2025-10-02,https://mailchi.mp/wnti/herausfordernde-zeiten-fr-den-gterschuppen-tss
116,wintibrief,109,2025-10-03,https://mailchi.mp/wnti/landsgemeinde-seen-der-abschluss-einer-triplette
117,wintibrief,110,2025-10-06,https://mailchi.mp/wnti/gipfeli-glut-und-grosse-sorgen
118,wintibrief,111,2025-10-07,https://mailchi.mp/wnti/es-war-surreal-winterthurer-holt-bei-swiss-skills-gold-yoiq92y01i
119,wintibrief,112,2025-10-08,https://mailchi.mp/wnti/stadtrat-reicht-dauercamperinnen-den-kleinen-finger-5hxhbp7z8k
120,wintibrief,113,2025-10-09,https://mailchi.mp/wnti/das-dampfzentrum-startet-neu
121,wintibrief,114,2025-10-10,https://mailchi.mp/wnti/sie-gibt-komponistinnen-eine-bhne
122,wintibrief,115,2025-10-13,https://mailchi.mp/wnti/mtter-knnen-beim-kaiserschnitt-live-zuschauen
123,wintibrief,116,2025-10-14,https://mailchi.mp/wnti/oktoberfest-winterthur-mehr-ksesptzle-weniger-haxen
124,wintibrief,117,2025-10-15,https://mailchi.mp/wnti/seit-40-jahren-aktivist-fr-den-frieden
125,wintibrief,118,2025-10-16,https://mailchi.mp/wnti/antreten-abtreten-oder-doch-lieber-neophyten-ausreissen
126,wintibrief,119,2025-10-17,https://mailchi.mp/wnti/die-kult-reporter-von-der-schtzenwiese
127,wintibrief,120,2025-10-20,https://mailchi.mp/wnti/zeichnen-bis-es-wieder-morgen-wird
128,wintibrief,121,2025-10-21,https://mailchi.mp/wnti/ein-sneak-peak-in-die-jungkunst-0hbdqz01bj
129,wintibrief,122,2025-10-22,https://mailchi.mp/wnti/quatschende-erdmnnchen-und-unerforschte-planeten-oe3d4yqnk5
130,wintibrief,123,2025-10-23,https://mailchi.mp/wnti/sekschlerin-patrizia-lanciert-petition-fr-busverbindung
131,wintibrief,124,2025-10-24,https://mailchi.mp/wnti/chopfab-braut-in-winti-nur-noch-spezialittenbiere
132,wintibrief,125,2025-10-27,https://mailchi.mp/wnti/wenn-das-velo-zum-schlger-wird
133,wintibrief,126,2025-10-28,https://mailchi.mp/wnti/nchster-halt-casino-in-der-lokstadt
134,wintibrief,127,2025-10-29,https://mailchi.mp/wnti/humor-zu-produzieren-ist-knochenarbeit
135,wintibrief,128,2025-10-30,https://mailchi.mp/wnti/pilzboom-zwischen-trend-und-tradition
136,wintibrief,129,2025-10-31,https://mailchi.mp/wnti/ici-cest-winti-wie-sicher-sind-die-winterthurer-museen-nai3lfr0lc
137,wintibrief,130,2025-11-03,https://mailchi.mp/wnti/wie-viel-zukunft-steckt-in-den-kurzfilmtagen
138,wintibrief,131,2025-11-04,https://mailchi.mp/wnti/lebensqualitt-wie-steht-winterthur-im-vergleich-da-wxl221ihsm
139,wintibrief,132,2025-11-05,https://mailchi.mp/wnti/startup-nights-energydrink-trifft-auf-ki-generierten-lebenscoach
140,wintibrief,133,2025-11-06,https://mailchi.mp/wnti/hans-peter-brtschi-ein-rebell-und-bewahrer
141,wintibrief,134,2025-11-07,https://mailchi.mp/wnti/tempo-30-soll-der-kanton-das-steuer-bernehmen
142,wintibrief,135,2025-11-10,https://mailchi.mp/wnti/digitale-integritt-ein-update-fr-die-kantonsverfassung
143,wintibrief,136,2025-11-11,https://mailchi.mp/wnti/wie-viel-altgriechisch-braucht-es-noch-in-zrcher-gymis
144,parlamentsbrief,7,2025-11-11,https://mailchi.mp/wnti/parlamentsbrief-millionen-fr-schulen-alterszentren-und-quartiertreff
145,wintibrief,137,2025-11-12,https://mailchi.mp/wnti/schattenseiten-der-beschrnkten-haftung-7jmvkvisaf
146,wintibrief,138,2025-11-13,https://mailchi.mp/wnti/ein-haus-voller-airbnbs-in-veltheim-45mxsytxpx
147,wintibrief,139,2025-11-14,https://mailchi.mp/wnti/mehr-als-glitzer-und-klischee
148,wintibrief,140,2025-11-17,https://mailchi.mp/wnti/winterthurerin-tanzt-gegen-das-schweigen
149,wintibrief,141,2025-11-18,https://mailchi.mp/wnti/zwischen-familie-und-finanzielle-zwnge-fnf-frauen-erzhlen
150,wintibrief,142,2025-11-19,https://mailchi.mp/wnti/gymnasien-stellen-sich-den-grossen-sorgen-der-grossen-kinder
151,wintibrief,143,2025-11-20,https://mailchi.mp/wnti/kurioses-aus-dem-bauteillager-9onln7t7wl
152,wintibrief,144,2025-11-21,https://mailchi.mp/wnti/neun-politische-rezepte-fr-mehr-wohnraum-r9n420frxz
153,wintibrief,145,2025-11-24,https://mailchi.mp/wnti/sie-ist-die-beste-handball-torhterin-der-schweiz
154,wintibrief,146,2025-11-25,https://mailchi.mp/wnti/der-bahnhof-kriegt-mikrowohnungen-und-einen-velohub
155,wintibrief,147,2025-11-26,https://mailchi.mp/wnti/kaltbaden-gegen-den-winterblues
156,wintibrief,148,2025-11-27,https://mailchi.mp/wnti/370-wohnungen-werden-saniert-und-niemand-muss-gehen
157,wintibrief,149,2025-11-28,https://mailchi.mp/wnti/hollywood-moment-fr-den-hc-rychenberg
158,wintibrief,150,2025-12-01,https://mailchi.mp/wnti/sonntag-im-coop-am-bahnhof-keiner-will-hin-aber-alle-stehen-drin
159,wintibrief,151,2025-12-02,https://mailchi.mp/wnti/an-das-arschloch-herr-xy
160,parlamentsbrief,8,2025-12-02,https://mailchi.mp/wnti/parlamentsbrief-sparallianz-krzt-budget-um-15-millionen-cjmuc5imxl
161,wintibrief,152,2025-12-03,https://mailchi.mp/wnti/viel-junges-theater-an-der-verleihung-des-jungendpreis-2025
162,wintibrief,153,2025-12-04,https://mailchi.mp/wnti/die-lokstadt-im-aufbruch-xgaoji4yds
163,wintibrief,154,2025-12-05,https://mailchi.mp/wnti/badebrunnen-fr-oberi-erhlt-finanzierung
164,wintibrief,155,2025-12-08,https://mailchi.mp/wnti/lernen-zwischen-alltag-und-krieg
165,wintibrief,156,2025-12-09,https://mailchi.mp/wnti/klimabilanz-nach-vier-jahren-verwaltung-noch-nicht-auf-kurs-0iub177p5s
166,parlamentsbrief,9,2025-12-09,https://mailchi.mp/wnti/parlamentsbrief-ein-budget-viele-kompromisse
167,wintibrief,157,2025-12-10,https://mailchi.mp/wnti/die-stadt-glht-am-stadtglt
168,wintibrief,158,2025-12-11,https://mailchi.mp/wnti/es-leuchtet-bunt-in-winterthur
169,wintibrief,159,2025-12-12,https://mailchi.mp/wnti/keine-wunderlsung-die-stadt-wertet-den-mattenbach-auf-vrc7ftndc4
170,wintibrief,160,2025-12-15,https://mailchi.mp/wnti/spielwiese-und-spielhlle-das-chrafti-ein-jahr-nach-dem-crowdfunding
171,wintibrief,161,2025-12-16,https://mailchi.mp/wnti/wieso-kann-man-in-winti-kein-plastik-mehr-recyceln
172,wintibrief,162,2025-12-17,https://mailchi.mp/wnti/wenn-mir-etwas-suspekt-ist-fackle-ich-nicht-lange
173,wintibrief,163,2025-12-18,https://mailchi.mp/wnti/ankommen-in-winterthur-dank-eines-tandems-tb56hhf7n2
174,wintibrief,164,2025-12-19,https://mailchi.mp/wnti/wenn-ki-heimlich-mitschreibt
175,wintibrief,165,2025-12-22,https://mailchi.mp/wnti/gisi-bleibt-demo-in-der-altstadt-zum-erhalt-des-besetzten-hauses
176,wintibrief,166,2025-12-23,https://mailchi.mp/wnti/advents-deko-der-judd-brunnen-kunstkommission-interveniert
177,wintibrief,167,2025-12-24,https://mailchi.mp/wnti/was-bedeutet-den-winterthurerinnen-weihnachten
178,wintibrief,168,2025-12-29,https://mailchi.mp/wnti/sie-gibt-dem-jodeln-ein-frisches-gesicht
179,wintibrief,169,2025-12-30,https://mailchi.mp/wnti/sie-fhrte-die-kesb-durch-schwerste-zeiten
180,wintibrief,170,2025-12-31,https://mailchi.mp/wnti/die-grbsten-ausrutscher-der-wnti-redaktion-2025
181,wintibrief,171,2026-01-05,https://mailchi.mp/wnti/ein-nchterner-blick-auf-den-alkoholkonsum
182,wintibrief,172,2026-01-06,https://mailchi.mp/wnti/slmcpzlfsq
183,wintibrief,173,2026-01-07,https://mailchi.mp/wnti/lange-unterhosen-und-rote-nasen-winti-friert
184,wintibrief,174,2026-01-08,https://mailchi.mp/wnti/neue-bibliothek-in-alter-scheune
185,wintibrief,175,2026-01-09,https://mailchi.mp/wnti/winti-denkt-an-crans-montana
186,wintibrief,176,2026-01-12,https://mailchi.mp/wnti/hhe-ist-kopfsache
187,wintibrief,177,2026-01-13,https://mailchi.mp/wnti/wieviel-verdient-eine-stadtrtin-widxom72tw
188,wintibrief,178,2026-01-14,https://mailchi.mp/wnti/wie-geht-es-eigentlich-der-stadtbibliothek
189,wintibrief,179,2026-01-15,https://mailchi.mp/wnti/note-5-fr-den-stadtrat-aber-manchmal-hat-er-die-prfung-zu-spt-abgegeben-e7zv12w7dg
190,wintibrief,180,2026-01-16,https://mailchi.mp/wnti/patrick-rahmen-jeder-einzelne-muss-an-seine-grenzen-gehen-zgxdsxgtwa
191,wintibrief,181,2026-01-19,https://mailchi.mp/wnti/bunte-umzge-grosse-baustellen
192,parlamentsbrief,10,2026-01-20,https://mailchi.mp/wnti/parlamentsbrief-bauern-wollen-referendum-parlamentsmitglieder-eine-vertretung-1ja714zsh4
193,wintibrief,182,2026-01-20,https://mailchi.mp/wnti/ausstellungen-zu-rechter-gewalt-aufwachsen-im-krieg-uhren-und-staatenlosen
194,wintibrief,183,2026-01-21,https://mailchi.mp/wnti/steppschuhe-gegen-sneakers-gegen-high-heels-gegen-socken
195,wintibrief,184,2026-01-22,https://mailchi.mp/wnti/ich-bin-in-der-sache-hart-spiele-aber-nicht-auf-den-menschen
196,wintibrief,185,2026-01-23,https://mailchi.mp/wnti/franziska-kramer-schwob-meine-chancen-sind-intakt
197,wintibrief,186,2026-01-26,https://mailchi.mp/wnti/von-der-spten-adhs-diagnose-zum-treffpunkt-fr-andere
198,wintibrief,187,2026-01-27,https://mailchi.mp/wnti/wieso-soll-die-stadt-immobilien-kaufen-kaspar-bopp-dle6hbbzmx
199,wintibrief,188,2026-01-28,https://mailchi.mp/wnti/die-strkste-frau-von-winti
200,wintibrief,189,2026-01-29,https://mailchi.mp/wnti/wer-nid-seit-isch-gschiid-wer-nd-seit-isch-bld
201,wintibrief,190,2026-01-30,https://mailchi.mp/wnti/mnnlich-alt-und-vom-staat-angestellt-t1hiyrcgue
202,wintibrief,191,2026-02-02,https://mailchi.mp/wnti/der-jet-club-erffnet-im-zentrum-tss
203,wintibrief,192,2026-02-03,https://mailchi.mp/wnti/warum-immer-mehr-tiere-im-tierheim-rosenberg-landen
204,wintibrief,193,2026-02-04,https://mailchi.mp/wnti/das-mnzkabinett-muss-abspecken
205,wintibrief,194,2026-02-05,https://mailchi.mp/wnti/andreas-geering-steht-in-der-mitte
206,wintibrief,195,2026-02-06,https://mailchi.mp/wnti/warum-christa-meier-das-wort-kompromiss-nicht-mag
207,wintibrief,196,2026-02-09,https://mailchi.mp/wnti/auf-der-spur-des-generationengrabens
208,wintibrief,197,2026-02-10,https://mailchi.mp/wnti/nicht-alle-schulden-sind-schlecht-ich-will-in-die-zukunft-investieren-knnen-65q43nc2ip
209,wintibrief,198,2026-02-11,https://mailchi.mp/wnti/man-muss-auch-die-im-blick-haben-die-es-gerne-anders-gehabt-htten
210,wintibrief,199,2026-02-12,https://mailchi.mp/wnti/lokale-stimmen-zu-den-nationalen-vorlagen
211,wintibrief,200,2026-02-13,https://mailchi.mp/wnti/i28i2jc982
212,wintibrief,201,2026-02-16,https://mailchi.mp/wnti/alles-oder-nichts-im-schnee-von-livigno
213,wintibrief,202,2026-02-17,https://mailchi.mp/wnti/sometimes-we-have-to-accept-that-there-is-no-way-out
214,wintibrief,203,2026-02-18,https://mailchi.mp/wnti/einmal-eine-magierin-sein-faszination-rollenspiel-in-der-nacht-der-legenden-iwrjvlky0y
215,wintibrief,204,2026-02-19,https://mailchi.mp/wnti/wie-geht-es-queers-in-winterthur
216,wintibrief,205,2026-02-20,https://mailchi.mp/wnti/traumjob-stadtrat-nicolas-gallad-bewirbt-sich-um-die-fnfte-amtszeit
217,wintibrief,206,2026-02-24,https://mailchi.mp/wnti/baustopp-und-bruderhaus-debakel-stadtratskandidierende-im-praxistest
218,wintibrief,207,2026-02-25,https://mailchi.mp/wnti/ja-es-ist-immer-noch-mein-herzensdepartement
219,wintibrief,208,2026-02-26,https://mailchi.mp/wnti/wenn-bilder-lgen
220,wintibrief,209,2026-02-27,https://mailchi.mp/wnti/ein-it-rebell-wehrt-sich-gegen-website-sperren
221,wintibrief,210,2026-03-02,https://mailchi.mp/wnti/gewerkschaft-droht-fahren-am-dienstag-keine-busse
222,parlamentsbrief,11,2026-03-03,https://mailchi.mp/wnti/parlamentsbrief-380-millionen-fr-ara-alter-und-abwrme
223,wintibrief,211,2026-03-03,https://mailchi.mp/wnti/der-erste-stadtbus-streik-in-der-geschichte
224,wintibrief,212,2026-03-04,https://mailchi.mp/wnti/wahlcouvert-noch-nicht-eingeworfen-ein-sarkastischer-berblick-fr-kurzentschlossene
225,wintibrief,213,2026-03-05,https://mailchi.mp/wnti/ein-kanalbad-fr-die-eulach
226,wintibrief,214,2026-03-06,https://mailchi.mp/wnti/ein-kunstkiosk-und-mehr-bnkli-fr-die-altstadt
227,wintibrief,215,2026-03-09,https://mailchi.mp/wnti/im-stadtrat-gewinnen-die-brgerlichen-im-parlament-die-pole
228,parlamentsbrief,12,2026-03-10,https://mailchi.mp/wnti/parlamentsbrief-der-neue-richtplan-ist-zur-hlfte-beschlossen
229,wintibrief,216,2026-03-10,https://mailchi.mp/wnti/angst-wo-geborgenheit-sein-sollte
230,wintibrief,217,2026-03-11,https://mailchi.mp/wnti/die-airbnbs-in-veltheim-sind-weg-der-betreiber-auch
231,wintibrief,218,2026-03-12,https://mailchi.mp/wnti/holabox-leidet-unter-diebsthlen-23y0pt4exq
232,wintibrief,219,2026-03-13,https://mailchi.mp/wnti/bei-manor-brennt-die-tiefgarage-und-im-fotomuseum-single-herzen
233,wintibrief,220,2026-03-16,https://mailchi.mp/wnti/wo-wird-in-zukunft-kultur-stattfinden-und-kommt-es-zu-einem-erneuten-busstreik-vi2gb1ilbr
234,wintibrief,221,2026-03-17,https://mailchi.mp/wnti/wildes-winti-bsi-setzt-haarsalon-unter-wasser-und-krhen-machen-die-menschen-hssig
235,wintibrief,222,2026-03-18,https://mailchi.mp/wnti/mit-geld-gegen-die-wohnungsnot
236,wintibrief,223,2026-03-19,https://mailchi.mp/wnti/2037-in-12-minuten-von-winti-bis-zri
237,wintibrief,224,2026-03-20,https://mailchi.mp/wnti/haare-schneiden-macht-jetzt-die-ki
238,wintibrief,225,2026-03-23,https://mailchi.mp/wnti/auf-der-spur-der-glhwrmchen
239,wintibrief,226,2026-03-24,https://mailchi.mp/wnti/ein-laiengremium-verteilt-400000-franken-an-kulturschaffende
240,wintibrief,227,2026-03-25,https://mailchi.mp/wnti/erbstreit-um-die-siska-millionen
241,wintibrief,228,2026-03-26,https://mailchi.mp/wnti/lbesruum-kauft-swica-liegenschaft-und-zieht-um-bw5atdik45
242,wintibrief,229,2026-03-27,https://mailchi.mp/wnti/ist-er-der-nchste-beni-thurnheer
243,wintibrief,230,2026-03-30,https://mailchi.mp/wnti/der-50-frauen-cupsieg-auf-der-schtzi
244,wintibrief,231,2026-03-31,https://mailchi.mp/wnti/baurekurs-gegen-swisslife-abgelehnt-und-der-tod-enttabuisiert
245,wintibrief,232,2026-04-01,https://mailchi.mp/wnti/ein-neues-konzept-fr-die-judd-brunnen-auf-der-steibi
246,wintibrief,233,2026-04-02,https://mailchi.mp/wnti/nach-airbnb-eskalation-einer-familie-droht-die-ausweisung
247,wintibrief,234,2026-04-07,https://mailchi.mp/wnti/pflpxx5pw6
248,wintibrief,235,2026-04-08,https://mailchi.mp/wnti/stadt-macht-unverhofft-64-millionen-vorwrts
249,wintibrief,236,2026-04-09,https://mailchi.mp/wnti/frhlingserwachen-am-lagerplatz-nistet-sich-die-neue-mieterschaft-ein?e=1f1ad467d3
250,wintibrief,237,2026-04-10,
